-1.642281641165441064e+00,4.810628690009799424e-01,1.568472976504534655e-01
3.671961523431338525e-01,6.285580456260927429e-01,-9.991309508914646420e-01
-1.626325037711482679e-01,-1.898340416792757557e-01,-2.014539028997476278e-01
-1.321363933847026217e+00,3.238966457921459874e+00,-3.007445498159798114e-01
-1.890891996847372303e+00,8.076966081982133172e-01,3.767272301507620935e-01
1.044210257418218379e+00,4.429077419992296649e-01,-1.190419750517622610e+00
-1.532973540917462962e+00,9.090917670231951631e-01,4.925050402754804768e-02
1.733867741253422301e-01,-6.615055614768449166e-01,6.086949936390939619e-02
-1.783387586808540259e+00,2.174878901262495834e+00,8.313025218253743132e-02
1.428282391954142749e+00,-8.381254970411970706e-02,-2.006591774322446509e-01
3.059034940413586923e-01,-3.050627929935954830e-02,-6.718541030101649048e-01
-5.949590168473130047e-01,1.905167234865349224e+00,-3.454045300178318900e-01
-1.297267033749271992e+00,-1.010416576409421063e+00,1.835707077574328661e-01
-1.175145005657718178e+00,-2.382444830641692879e-01,2.229659504755474309e-01
-6.109181188289394271e-01,-2.037382348833743695e+00,5.009091920807932224e-02
3.337794671107976452e-01,1.055373865168704128e+00,-1.215843508778892579e+00
-1.304091064244534248e+00,4.752265881162714978e-01,-1.174297028223774547e-01
-1.056507419919581636e+00,-1.623485026697360167e+00,9.579941882382285098e-03
1.587647454202322228e-01,-2.655123857784381092e-01,-5.927734445601283708e-01
7.452049316846214300e-01,-3.536418112472610731e-01,5.211128986350028747e-01
-2.144330468571668202e+00,-5.683999209541160114e-02,3.779705884318645959e-01
-9.106418112157422806e-01,-8.517559929007653130e-01,9.631821064072966163e-03
3.903589113843871083e-01,-4.527098099527642194e-01,-8.708076096022943080e-01
-2.373333205319453576e+00,1.936192539376147548e-01,5.984116738555328441e-01
8.159894217795579108e-01,-8.674303134734638598e-02,2.679968895080284130e-01
-2.050796317074981001e+00,-6.602191032527097991e-02,2.817592130797820227e-01
-2.712505512975410316e+00,-1.843520535406159566e-01,9.909368141543165587e-01
-1.190268679558905918e+00,-9.310698226485840390e-02,-3.625156385669160430e-01
-6.452367895362645100e-01,9.705113622357049996e-01,-6.912106198884244712e-01
-2.315851114732414118e+00,-2.867287063049219209e-01,5.436279665641985392e-01
1.171747384155933602e+00,1.011029233791326020e-03,4.325672158668405487e-01
-5.165339378444459006e-01,1.947320580729581918e+00,-4.028682103364200073e-01
6.582281189153899037e-02,-9.194987653545056983e-01,-2.123682273259819842e-01
1.129105253390156438e+00,-3.373591201512546878e-01,-5.687683677825462469e-01
2.878869656733442639e-01,-7.322400974049109168e-01,-3.785328355084226215e-02
-9.121979179172166052e-01,-7.159451042585223135e-01,-5.515896848020188786e-02
-1.201407049740144783e+00,-7.577802881916353983e-02,-2.543060856126420077e-01
5.960744949148153449e-01,-5.140996022466274296e-01,4.633258327729714021e-01
-8.852251130758376219e-01,3.112230840123907383e-01,3.768540552761948659e-01
3.029283941023173110e-01,-5.447866881950703677e-01,-5.822378061808013427e-01
2.633200612063881341e+00,1.102694878442993520e+00,5.048901780892640634e-01
-3.529599663357696048e-03,7.997320248512386209e-01,-5.750132475044642533e-01
9.500387461770141116e-04,6.263822743762187395e-01,-8.235142886727542244e-01
-2.130958662985449337e+00,-1.043461769847862514e-01,3.676845013653026184e-01
2.072154412629502840e+00,-3.103811817927747130e-02,-3.514306983134488777e-02
-1.139494233260808675e+00,8.649453804720238503e-01,-3.264289583655467508e-01
-9.386611176680564883e-01,-1.342865915581634706e+00,-1.325072567056350681e-01
2.336063176198712288e+00,5.348569175266844056e-01,3.310181131509825070e-01
9.378758841093697007e-02,-1.110616143687065627e+00,1.185777145241539016e-01
2.014345875094572247e-01,-1.406981624549419996e+00,2.076215226448016316e-01
-1.225347715722099551e+00,2.026173358194129775e-02,-9.344247985653436617e-02
1.921981418783099971e-01,2.615354635783579962e-01,-9.024659504629032325e-01
6.534687993726926436e-01,-1.692925157596627539e+00,4.997823118212010307e-01
1.958498704746335140e+00,2.185333076272706065e-01,-2.063536981633500578e-01
-7.812708128900569537e-01,-1.194045711425332890e+00,-3.073795118548259264e-01
-2.799221110924951628e+00,2.336157378814351371e-01,1.004311197533723998e+00
6.680615309861392959e-01,-1.462755558773028763e+00,4.689256331659609200e-01
-1.281525362846620775e+00,-2.857054861279941793e-01,-1.165170654908716519e-01
-1.852638193259768862e+00,8.014621137199016143e-01,3.384880816555081440e-01
-1.504774583576539149e+00,6.452009783313291669e-01,2.202153212559502041e-02
-1.539103773450962276e+00,-1.057817675509364452e+00,-1.917894945398595785e-01
7.595021533029191474e-01,-1.204864637351895640e+00,9.586762832030166770e-01
-1.415718786336624069e+00,3.655863941472745626e+00,-1.580395866242311487e-01
-1.081399449916145672e+00,8.110754387299802248e-01,4.138540623511884342e-01
5.936145216629202803e-01,-5.300196765177261904e-01,-1.343904683103235020e-01
-5.590961413424023752e-01,5.485027410482453541e-02,-7.777070062669499961e-01
-2.464547050135751927e-01,-1.386544539910406382e+00,1.813995985788545706e-01
2.927328819927814241e+00,-9.784477719925868677e-02,-4.930944963526330271e-01
-2.298341096397493732e+00,-1.846271715344882380e-01,5.307539299061965199e-01
-1.183354770636449782e+00,-1.179075324250417500e+00,1.329789042216467099e-01
-2.410957385382809515e-01,1.434543726525338903e+00,-8.889527812633826187e-01
-1.261560076541213604e+00,1.805611472455533051e-01,-1.810891263973086196e-01
-1.148327490376641169e+00,1.840885547436897918e+00,4.142281205853705350e-02
2.456216221685743495e+00,3.056328573502139490e-01,-2.648923822641668369e-01
2.809385752939376757e-01,-2.606208964294280395e-01,-1.272119326474353829e-01
-1.490342058008359283e+00,8.503412566013354157e-01,-7.521324518780699020e-02
-5.503430089405690895e-01,8.943890882606376769e-01,-4.777351285237531053e-01
6.964327243957847691e-02,-9.704036946220715443e-01,1.379424129592568826e-01
3.950386511289579961e+00,2.247420399762035004e+00,1.680537853830233574e+00
9.726052954918767979e-01,4.273082382150850990e-03,-1.261115714620551165e+00
1.146907673084093027e+00,-1.579869574355249773e+00,4.976675140628780136e-01
1.513139310019252781e-01,-1.583915225255773773e+00,2.244670099493626114e-01
6.584177158023745147e-01,-1.610210494508766743e+00,4.474159749827381627e-01
3.966799218345940403e+00,1.731711060141720493e+00,1.014874605834124921e+00
1.646460261603046149e+00,-1.301247394924021639e-01,2.263782870321962848e-01
-1.249511821921098331e+00,3.384920997582788887e-02,-1.353869403366005086e-01
-5.410456125510325620e-01,1.196155035212849160e+00,-3.902137476307063202e-01
-4.937824143073393235e-01,-5.435115684398011959e-01,-7.630456363168079958e-01
-2.359787917634298182e+00,-5.153371466078110474e-01,6.183582906823783532e-01
-5.595719822231380869e-01,-9.477121306122685551e-01,-5.335496770486518603e-01
-5.184062063918303265e-01,4.861107995136316334e-02,-8.352957792398892911e-01
4.682814913568520421e-01,-5.592611567155827412e-01,-9.171220936778886612e-01
2.966763327527211835e+00,7.960310712480992423e-01,-1.845575444495037298e-01
-2.521273249488054091e+00,3.271007804284125631e-01,6.581182549197172049e-01
-1.541380364672517711e+00,7.163397896204657389e-01,7.399547718075676073e-02
1.453195750687802379e-01,9.516950935594998828e-01,-1.045546057157676456e+00
-2.748133688478839876e-01,3.864627821021608955e-01,-6.147737273809054104e-01
9.948222259079211316e-01,3.913777385132284799e-03,-1.156466557782808824e+00
8.249895405260773140e-01,-2.326151591966616194e-01,5.684608346448868366e-01
-2.795288445616107564e-01,4.182905370916702448e-01,-6.377472319415142810e-01
3.267693741525461992e-01,1.017274669998450509e+00,-1.134443527099321614e+00
-1.087551916395838036e-01,-1.214228286699522652e+00,-2.037856891809995130e-01
-9.060702666904626446e-01,-1.233316026510142605e+00,-1.783787327977736925e-01
2.024673294717608485e+00,5.860398725158876693e-02,-1.341992691563038131e-01
1.398362613797473175e+00,7.735967910555775588e-03,1.419047563267555878e+00
-1.864524553171452936e+00,-1.217953133386813880e+00,4.605078560996244130e-01
-2.213886891433313409e+00,1.515964829496037947e+00,6.014504785898675543e-01
-1.187927022562187185e+00,9.015020030868922118e-01,-2.681687015644981797e-01
-7.816177997766139418e-01,2.550110915442509896e+00,-1.034838061673452492e+00
7.492595789418998731e-01,-8.411953992721046269e-01,3.952999429593132552e-01
-1.051245343652759158e-02,-8.715289922412642332e-01,-1.933545942929918160e-01
-2.506321266590106830e-02,-9.971956282564714558e-01,1.423664737357203114e-01
-1.704280756703972166e+00,-1.023737824044440137e+00,2.832954780296831898e-01
3.779315856981892985e-01,-1.838853465771680129e-01,-8.885004866750045860e-01
6.155805457498438882e-01,-4.740537999514979894e-01,-7.459494589816038079e-01
-5.430205530183701557e-01,5.821794060680746119e-01,-4.723590212189088255e-01
7.469212884525464613e-01,9.327964335258794037e-02,6.793192336894962047e-01
-1.456231743705581394e+00,1.961004433239891709e+00,8.549477373345416575e-01
9.808546531213109265e-01,-1.955304407156037982e-01,-7.382978894371707845e-01
3.113170324270209566e+00,1.279628301388511913e+00,5.870189369601110929e-01
6.400468862169745865e-01,3.502938190323189871e-01,-7.995955656590045812e-01
-1.051500006076011351e+00,7.973955394115120332e-02,3.267956450523743506e-01
-1.446889606515066484e+00,2.409800536810981220e-01,6.767818490839038192e-01
-2.359607249464930334e-01,7.002161405122671045e-01,-8.580027624587440727e-01
6.014101838400431194e-02,-1.424513216281968919e+00,1.887220491293836733e-01
5.755824872907208123e-01,-4.786938584007806030e-01,8.800735765614640937e-02
3.652741436630909111e-01,-5.705843684805395055e-01,-8.516710871634530777e-01
-2.421364471138154784e+00,7.618387306392299108e-02,5.522878247456374234e-01
2.201481325832967073e+00,8.325086647217468938e-01,6.706951405129776278e-01
6.658697670564427407e-01,-3.090065006765843059e-01,4.360401252570341724e-01
4.593041334999793668e-02,3.454082319765204301e-01,-7.710813691976281525e-01
-2.235556415360846039e+00,2.870953282220776615e+00,9.845639602719462591e-01
-1.360551414251808922e+00,3.064610352267956639e+00,-2.481803654122497205e-01
-1.927928404470172219e-01,-2.084513707600445187e+00,-4.423253928123000583e-02
-4.926082773369916401e-01,-1.112098426023111208e-01,-2.764889509031800419e-01
1.783074131647910399e+00,4.300538850023909454e-01,-5.811467973037805906e-02
-1.134335101665616019e+00,3.021243729127324196e-01,-1.662550227171007977e-01
9.221268810964339258e-01,3.561724469540364368e-01,-9.872365243070039265e-01
-2.358384455397636525e+00,1.441837727288124205e+00,5.161952919922594418e-01
-1.181875986538403867e+00,3.170605702616047683e+00,7.031047606674217798e-02
2.781191370527094975e+00,9.549256350986067288e-01,1.273689036434992317e-01
4.773448705370863521e-01,-1.656508491140220141e+00,3.872166267281258456e-01
-1.128824678375253576e+00,9.171618545898544417e-01,-2.737250345935233198e-01
-1.547867323477955415e+00,-3.563481074612718374e-02,-1.332975221211019912e-01
-7.694606820077396492e-01,-1.672378738529211040e+00,1.780645770128813296e-02
-1.172070264266937833e+00,-1.896139767039040747e+00,2.765728792302078465e-01
-1.682357859327497707e+00,4.767400978039160742e-01,1.704344267970007154e-01
-1.445164246575572520e+00,-1.199198878172910154e-01,-1.559852567825136538e-01
3.912656736210741726e-01,-1.759533118001436636e+00,-1.025323985083261974e-01
4.253525136735044621e-01,-3.106720897009051519e-01,-8.840687049234183803e-01
-4.369529204449287829e-01,-9.589130715103045821e-01,-1.371072588441743512e-01
3.207076894143592871e-02,-2.159572469433547859e+00,-1.199230269552481881e-01
-1.884305435221726999e+00,-1.227671472082840332e+00,4.512223167027880621e-01
-1.023369111988584157e+00,3.452735057882079683e+00,3.813205700732991837e-02
-2.083334649986387177e+00,8.516221275208757380e-02,3.290864635965660701e-01
-2.436719783142546891e+00,3.216258114117807043e-01,6.402799431659268459e-01
-3.524960424605259601e-01,-8.994757578213347093e-01,-3.302293588423271253e-01
8.248337422773289740e-01,-8.063691781951229931e-01,8.798486473744101533e-01
2.036582902736427059e+00,-2.798168320727771885e-01,-2.625707149330597234e-01
-9.214656367133329529e-02,-1.442572498429446348e+00,2.048286055561462093e-01
-1.471238065156167174e+00,-3.649488826175824041e-01,-1.490990074432048396e-01
-7.877724054656838615e-02,-2.130670935488729878e+00,-8.614818829416250739e-03
-2.855460396026290315e-01,-2.786699643895604317e-01,-2.623158630472343100e-01
-1.683160021359054515e+00,-1.318599730221624799e+00,3.076755413951638984e-01
-5.427472082955397958e-01,-2.175981916139197170e-01,-7.808607882276917822e-01
3.050920344662156891e-01,-1.843779490409054311e+00,-1.927896105743435728e-01
-1.106826931875358300e+00,4.413307124681936644e-01,-1.353882575881059924e-01
-1.413802684314561020e+00,-9.357742852830505109e-01,1.407174518392741991e-01
-1.144401025958044604e+00,6.420941304973883934e-01,-2.393393340616516429e-01
3.090254786788196317e-01,-1.806863596164784536e+00,2.855990982357376473e-01
1.552166592668488665e+00,-1.187835825960450897e+00,8.585034098805003344e-01
8.114822090487405770e-01,-1.399346922057750575e+00,7.244204776640612575e-01
1.910554054598581741e+00,-5.915006935785999120e-01,1.062969366976148411e+00
-1.635700825634639255e+00,-5.365633671551057748e-01,-2.602471805236799551e-01
1.011074603954519313e+00,-7.825185224049434340e-02,-8.947659129451882576e-01
8.506263261386803887e-01,-1.158752460772089821e+00,7.141688157698906636e-01
-9.985178000729778569e-01,1.119041183485037338e+00,5.406366066754826338e-01
-1.685549359598830232e+00,-1.551883619704788941e+00,4.536854791255935382e-01
2.127270212740758559e+00,-1.022478430622848489e-01,1.002768418623649210e-01
1.918964619759918055e-01,-1.743993853802094041e+00,7.279621799539541527e-02
4.064870937108989501e+00,1.421988492733146092e+00,1.000637141391236051e+00
2.061553955936604954e+00,1.339645158206511921e-01,-4.946015389659912387e-01
1.742306065910818880e-01,-2.552380052164053836e-01,-2.748215077797640515e-01
-6.888206924654044494e-01,1.072166605647468351e+00,-6.378301710668624613e-01
-1.223788279580644511e+00,-2.345250802260005152e+00,3.430263865764001108e-01
-1.840071735596990332e-01,-7.991785303260044993e-01,-7.755339269075826047e-01
-1.016086545865290125e+00,2.626405620719610035e+00,1.714812433589657514e-02
1.370851909510317490e-01,-7.530662954120665997e-01,1.337328470251263612e-01
-1.873022372141946723e-01,-7.374859703354130769e-01,-4.347836499795478260e-01
1.364462989354326417e-01,-1.603609907243561006e+00,5.888758058852619492e-02
6.936477677416553744e-01,-1.649767368466937167e+00,3.214674104487775796e-01
2.575831641534471195e-01,-1.879561061797800026e+00,-5.638138834330945481e-02
-1.145589051745538933e+00,4.883025897815697070e-01,-2.592600376947218899e-01
-2.288219527837389855e-01,-2.374490526151205039e-01,-5.467230025421705442e-01
3.281788540498608242e+00,1.862120265331557167e+00,1.231718875302752592e+00
1.774628217196025037e+00,4.259282476937863993e-01,-1.618964312525385807e-01
-9.031229013503576653e-01,-4.624271410212019151e-01,3.559631248285589078e-01
8.464843766060854702e-02,-1.152597063765020247e+00,2.098002260510800909e-01
2.423422698095656802e+00,5.907170514606091549e-01,5.856224236783286186e-01
-1.129541432225143804e+00,1.581710681589253431e+00,4.306977511973498207e-01
-3.331834592288283603e-01,3.439294204993618292e-02,-1.409874199547054285e-01
2.204142396645987767e-01,-4.474868006698655143e-01,-1.891496127945972022e-02
4.863111691559008909e-01,-4.351667597632788986e-01,-8.857067457641021324e-01
2.118638315249290749e-01,-8.296393448734425136e-02,-5.299049406837353926e-01
3.126320662194729483e+00,5.146519770161914753e-01,-1.513299519289546813e-01
-1.264728455113077743e+00,-3.775159284946335569e-01,-4.989847090407998897e-01
1.444703588984971310e+00,4.556647961316891843e-02,-6.034193329679905099e-02
-3.973113481891206722e-01,6.621846653484544376e-01,-4.146541333702776777e-01
2.566497767190214496e-01,-9.042987653392396685e-02,-8.922669659672801679e-01
-1.355941151653681453e+00,-1.144105676146671691e+00,2.092069020642664812e-01
-2.190596698528911368e+00,1.452777939625744308e+00,5.538530400138633736e-01
-1.746829590015441136e+00,-5.987962937576063460e-01,-2.336693081144775030e-01
-1.281926259605998153e+00,-3.541871158721843771e-01,-5.022338260342180671e-01
-1.739124612558186067e+00,8.184953540933154192e-01,1.856377296763846718e-01
6.105263659641088081e-01,-1.462324699109295301e+00,6.535019155122369083e-01
6.684350402024497040e-01,-1.701931284426454249e+00,3.195665510290974787e-01
-2.765220177736438245e+00,-9.836368723197549957e-02,8.872321525494227812e-01
-4.847439777547947193e-01,1.784158044959067047e+00,-4.449599943402617330e-01
-1.535667584758709348e+00,4.163739910651619858e-01,5.579969473193150398e-01
3.336701558054430361e+00,1.265994635086088227e+00,1.199226142244505189e+00
-9.825606882029044309e-01,7.788700700292184864e-01,-7.849459115080429372e-01
-4.534923066228693789e-01,1.489260122038549294e-01,-2.281156028814554648e-01
-1.585498293423023730e+00,-6.023246954741824366e-01,-1.612473306047130794e-01
1.683770512274973541e+00,-3.952580226207220160e-01,-4.369701517845154259e-01
-1.044185009499027927e+00,-5.868449680401044422e-01,8.562812627598810622e-02
1.571370680989187196e+00,-1.676026424624632583e-01,1.420888794438227798e+00
1.258483591034616156e+00,-1.641539508600747155e+00,3.444581282905671005e-01
2.003956798233454961e+00,-1.178049774807528594e-01,-9.470225392739529957e-02
1.015101691681590923e+00,-3.266067345914772796e-02,-6.928064470014266840e-01
2.747434011021885336e+00,-4.930527391465411996e-02,9.114667193412996637e-02
1.643034541347785371e+00,-1.289904774576960955e-01,-1.873254909693345127e-01
1.284132101904125411e+00,-1.127531923784969248e+00,9.277748749239926873e-01
9.732586003136576291e-01,3.457903746400344813e-01,-7.170750440164062045e-01
6.302917726678510801e-01,-1.182297814903139566e+00,3.347083408197518151e-01
-1.809476596479936639e+00,-1.262626262843324909e+00,3.670624945947744133e-01
1.841761305635415402e+00,-4.846291053456662778e-01,1.057553889521500645e+00
-3.350151650598980901e-01,-7.105209692234655261e-01,-1.655679114301532862e-01
1.742245201616519357e-01,-2.552473171955629283e-01,-2.748141134771296956e-01
1.106977676635323204e+00,3.172774758897561886e-01,-1.143144801243897613e+00
2.260556565103497118e+00,-2.796550661273711214e-01,7.434928625797253277e-02
2.970201026554142754e+00,1.607513877421861137e+00,6.338989175123992403e-01
-5.816387201815635954e-01,2.020786981860331899e+00,-4.135694405395529127e-01
-1.503851965126168144e+00,-1.053934139987561913e+00,2.408964652754829738e-01
-1.004477406782472215e+00,1.516089451325439930e+00,2.331135535106046951e-03
-1.626314144309389587e+00,-6.462589552900535050e-01,-2.306809589909165625e-01
-7.313012836740924172e-01,-1.080804565618093349e+00,-3.183580869318572426e-01
3.832502093136226140e+00,1.138924414543274199e+00,8.518030198413875098e-01
1.383521922781977498e+00,8.153623120267432245e-02,1.501347632278208666e+00
2.682410269175715900e+00,7.306881447936702800e-01,4.193927059240255550e-01
7.220251373785676607e-01,-1.876819231774694563e+00,4.895146386478930189e-01
1.604709886698048704e+00,1.854577151944538371e-01,-8.994205500753381377e-02
1.094417587978524509e-02,-1.720556718248242634e+00,1.401286950745705695e-01
-1.507663950838276090e+00,5.317641922070073246e-01,-4.351429096383248041e-01
-1.206128044692700435e-01,-5.967790655076631728e-02,-7.258324892070757706e-01
7.673282227174693659e-01,-6.756574714080969546e-01,-1.195322631577500766e-02
8.711172783571737854e-01,1.106760037912866979e-01,-5.484570436044938768e-01
-1.191313627407171394e+00,1.044777872564834675e+00,5.948981712719527692e-01
9.909643178818534903e-02,-3.885202234224372497e-01,-6.013448068411486602e-01
9.400197470560570645e-01,1.248013794164904433e-01,-1.189290843424640975e+00
-2.193849005840120547e+00,2.423196685245384785e+00,9.438382951905426310e-01
-9.809948061302584676e-01,2.852513546268616640e+00,-4.746311793508244947e-01
-5.277811988402530963e-01,-6.041002918810636224e-01,-7.633205714258443075e-01
-6.171681000725653954e-01,2.114261918911836791e+00,-4.077496887713348839e-01
-3.478516357035925655e-01,-1.405550251242005277e+00,1.892414071329018843e-01
-6.018492348903917710e-01,1.232036057695280684e+00,-5.213148183688985915e-01
-3.474891696084452253e-01,-7.506201748746618163e-01,5.449472922003638364e-02
1.278851662412979984e+00,-7.323663331561017578e-03,-5.004708825806006844e-01
-8.964814864304124567e-03,-1.723241660276285447e+00,1.410397101210958681e-01
1.171747384155933602e+00,1.011029233791326020e-03,4.325672158668405487e-01
1.915356064222027754e+00,3.969922912230499645e-01,-2.143851045433705360e-01
1.624748681342752965e+00,4.831005295904883257e-01,6.675839467516696268e-02
-1.017561612447286157e+00,-1.249005863923490001e+00,-1.324459004006425800e-01
2.771857141542974357e-01,-1.849120439856481779e+00,-9.612419631153712452e-02
2.331736446245982752e-01,-5.880257895516102229e-01,-6.802539108688944181e-01
-1.966126812132091284e-01,-5.796691594348831744e-01,-7.546387643905163589e-01
9.683781487000596711e-01,-4.447967110672560453e-01,8.981715566867068956e-01
-2.539300032997233725e-01,-3.519544594706081053e-01,-1.394413833750484111e-01
2.857116776668787939e+00,6.742462357224100478e-01,3.328040759939789317e-01
7.580552586671746029e-01,-1.948123279361007931e+00,-1.988243363954813325e-01
-2.160852307880388457e-01,-1.936720033346834569e-01,-2.000423009724916767e-01
-1.233564634241467450e+00,-1.254482635151625558e-01,-3.450912867671996342e-01
-7.108302354312689975e-01,-2.057155770003012307e+00,1.765086916906028966e-02
2.233614532688690812e-01,-3.343936270018521562e-01,-5.940785538955616341e-01
3.395777348951179331e+00,1.595591615024045895e+00,1.447071651744752607e+00
1.074182090372771681e+00,-1.011381391442140787e+00,5.645209877211211369e-01
-1.244420366137187761e+00,-1.680482788472703430e-03,-2.823003137774302007e-01
5.576905973719352705e-01,4.265380145612844565e-02,-8.050212276386136123e-01
-2.365850910042914534e-02,1.417824863629018717e+00,-6.432759533199821078e-01
-1.125981520563090754e+00,-7.841335295234062031e-01,7.014492007698119869e-02
-2.456558999811034205e+00,-1.143775455468921953e-01,7.080532331951293612e-01
-2.792797494353821963e-01,2.050788918955900320e-01,-6.079942326143562559e-01
-1.710257866861416343e+00,7.881817757768747601e-01,1.683622919674402640e-01
3.449683517432025615e-01,-1.408545917149769400e+00,-1.506785867595550332e-01
2.196468383110072864e-01,-1.648825243481399916e+00,2.545770873841884385e-01
2.510724763090776079e+00,1.310655516696523692e+00,6.683494113240177059e-01
3.659896643405663452e-01,-7.430886616465119943e-01,-2.105638630688917712e-01
-4.737743701034261012e-01,-5.643776231844015445e-01,-7.896988245279814578e-01
1.519266792536344834e-01,-1.562049908919211250e+00,2.955297103944470871e-01
-1.962536348787006446e+00,9.558474334899441649e-01,4.357530450827070134e-01
-1.090173910293694259e+00,-1.123803944342328665e+00,-7.405164793638416287e-02
-6.501425504361125762e-01,1.018530718732831186e+00,-6.872545816742627878e-01
-4.075577194588301810e-01,-1.133570748565308817e+00,1.241095971686918681e-01
2.005333426062074320e+00,-2.133611336466161579e-01,-5.609771471735028325e-02
5.360226165009546184e-01,-8.640317049462888921e-01,6.874439619743920593e-01
-9.936970576199370964e-01,-1.221961651299905416e+00,-2.127488748895989615e-02
1.411030902579950785e+00,-1.151107011063088770e+00,7.209648551468310629e-01
-1.268039761096929396e+00,-4.325824140647342997e-01,3.491200661806678207e-01
8.836246762305156599e-01,-1.652013597228931818e+00,4.240860068768534941e-01
-2.601211758298910048e+00,-3.682967412054359846e-01,7.068057706556538644e-01
-1.956282028953667540e+00,-9.317841171065742445e-02,2.003726435690274255e-01
-4.818749808803453674e-03,-2.398908208026643285e-01,-2.648989547263392863e-01
6.615134786721997839e-01,-6.674228774448865975e-01,-5.960902759057905564e-01
1.101315503805278651e+00,-1.860197130508671082e+00,4.010679259760642212e-01
-3.107873503558034600e-01,2.526839986992130208e-02,-7.711650963066063458e-01
1.674360142044320598e+00,-3.510234520517326318e-01,-3.761629857477442052e-01
8.159902387525993506e-01,-8.675735674440242240e-02,2.679976445255971007e-01
6.632501086976002602e-01,-1.310953394573065867e-01,-7.517022769425113493e-01
-1.217984068564006567e-01,-1.370356939141404995e+00,-8.963247765253733179e-02
8.425935875181063128e-01,2.770370428835248755e-01,-9.582716963256509013e-01
-1.649255099482327624e+00,-9.718876899120350021e-01,-1.018433605798954172e-01
8.332949145032878535e-01,-1.116389211313471685e+00,8.048890982008800876e-02
-2.652109718248121695e+00,-1.111082465904958960e-01,8.414887731589774100e-01
-1.539687172352306677e+00,-1.422078795047363231e+00,2.867175019728300800e-01
-1.573177480473122447e+00,9.307369119558954740e-01,5.317422469498736363e-03
-2.631664804159602244e+00,7.890655249364189605e-02,8.790928064900275229e-01
1.940230492275319740e+00,1.897288564078199735e-01,-2.839645650268411356e-02
-8.732123248209635591e-01,-1.856657773923191312e+00,1.181128414764849727e-01
1.036275293046178270e+00,1.484128223934841617e-01,-9.173301230342680856e-01
-1.247175947167846966e+00,-3.933745994627118603e-01,-5.144099426990534907e-01
-1.361619266226660185e+00,2.113704426174065065e-01,5.712042150762894899e-01
2.992620556631491180e-01,-1.635133951432248822e-01,-6.046068853539786625e-01
-1.309707370600955434e+00,2.388348615807140973e-01,6.164840845185339813e-01
-1.065839960618317095e+00,5.932101171452972554e-01,-2.663020420154582624e-01
-3.653481833596327610e-01,-7.608829751103886041e-01,-4.692257621605466777e-01
1.473088002242006478e-01,5.260394485034286527e-01,-6.442700196678907698e-01
-1.383514967431118459e+00,2.374075221543320069e+00,5.508121172156660306e-01
-1.113914754323783507e+00,4.657622036150251832e-01,-2.090360180268028556e-01
1.807288441471303297e+00,-4.230264400797679181e-01,-5.106812021390103595e-01
-5.087344098779211787e-01,-7.749079059208681119e-01,-7.710732435569421783e-01
-1.214225803952572180e+00,-3.341885425141020716e-01,-4.543880655905333521e-01
-2.698123489887104931e+00,-1.990325781114413509e-02,8.494626355226653214e-01
1.230714792085840115e+00,7.824202186101506529e-01,-2.443222059094055099e-01
2.563388766192491008e+00,1.374128563998371078e-01,9.704487845181578032e-02
2.586301067535440867e-01,1.249686859565741326e+00,-1.258196276848452255e+00
9.411542544584294845e-01,-1.961997186357536060e+00,5.126290316846262574e-01
4.979520719458389033e-01,-4.568908782207877217e-01,-4.823555248016955233e-01
-9.227396733105306392e-01,-1.278451226292074694e-01,3.444335767276127114e-01
8.159902387525993506e-01,-8.675735674440242240e-02,2.679976445255971007e-01
-5.281762307828546943e-01,1.704433100421757441e+00,-4.381649374893654691e-01
1.196207446024767806e+00,-1.638301101470451382e+00,4.521637616672227744e-01
2.717238990870473714e+00,1.061613625865824861e+00,2.170334307171072619e-01
2.954831760645564298e-01,-4.388154274287873746e-01,-9.153021404173651288e-01
9.688679444541967722e-01,-1.159498151410916916e-01,-1.277941052524215637e+00
2.809385752939376757e-01,-2.606208964294280395e-01,-1.272119326474353829e-01
-1.400301447915422770e+00,-1.828987928441785815e+00,3.370633078299286600e-01
-9.674449877962900679e-01,2.337948822476273669e+00,-1.517602286817433532e-01
-1.273744155622374086e+00,9.189406058033173785e-01,4.486542048863804144e-01
-1.040953799007908520e+00,-1.102184533855024462e+00,3.085085667052058986e-02
-1.193323118723414789e+00,1.162019441341631265e-01,-1.526959851898056220e-01
-1.297656737397633875e-01,1.094380567189658260e+00,-6.518091639768529566e-01
6.885840106099515578e-01,-1.300300627220199123e+00,5.400158501145728707e-01
-1.464956187910021912e+00,-3.123973017737217139e-01,6.006267720361492257e-01
-2.032552271152648693e+00,-3.692251531958781197e-01,3.059698522873947613e-01
8.696798058947621257e-01,4.160689462412842099e-01,-9.216461248276107687e-01
-1.137399923347212072e+00,-1.258758767840675752e+00,-8.251569686110035717e-02
9.275142002887585280e-01,7.956822806186933938e-01,-7.844098024065215835e-01
-1.777051022681694070e-01,-1.181866993352435280e+00,-1.672401586536463591e-01
1.929680738049851962e+00,-6.831056950418792351e-01,1.054025844971296699e+00
-9.785427630908262175e-01,-5.247355528951058723e-01,-8.455482017408820494e-02
-2.190452768942391604e+00,2.909437048539732729e+00,9.635424387893103404e-01
4.708653071445771943e-01,-1.875247977866990157e+00,-1.907415608934306395e-01
8.249775000531661684e-01,-1.188353703385949256e+00,1.144502536281477356e+00
-1.472147134156787995e+00,-1.088972896142943875e-01,-1.340432655466767820e-01
-2.576622423832546804e+00,-1.131544694884080854e-01,8.452406917325590019e-01
-1.017803702677469557e+00,-1.433618957203821376e+00,-1.801129314290400296e-01
-1.499620522673357659e+00,2.175925695894944223e+00,4.918060778376391329e-01
4.107450486160796999e+00,1.852118439032963026e+00,1.790917005361939429e+00
1.615567634813666720e+00,3.608127298426123952e-02,1.425282236279096004e+00
9.376999198116776624e-01,-2.378669921145748489e-02,-7.074741735363697659e-01
2.809385752939376757e-01,-2.606208964294280395e-01,-1.272119326474353829e-01
2.391084673120075443e+00,2.485751271300849219e-01,1.282087592278449428e-01
1.106594368727008976e-01,-6.106117573682516841e-01,-9.116733409227553153e-01
-5.112986420700940116e-01,2.449308864407884645e+00,-1.021505014357959595e+00
4.971760543069330129e-01,-1.009672885910572804e+00,5.080959952532583257e-01
1.524436852034286860e-01,-5.223708720717612497e-01,-7.899918708848477911e-01
-2.382521601406307088e+00,2.623985736198195529e-01,5.730251510126591619e-01
-1.211362606155164112e+00,1.930970811393353248e+00,6.357632388991515393e-01
-2.979837229460199910e-01,-5.989029273721891977e-01,-6.919436607224570546e-01
-1.707118699295340658e+00,-1.026233512006870630e+00,4.234595215390610234e-01
2.860591560185376636e+00,9.904689736747893103e-02,3.483700302357630590e-02
-6.804936854489191944e-01,5.663486554142493912e-01,-2.437516910790561431e-01
1.917829157532882967e+00,4.980364302285212319e-01,-7.334741637745022247e-02
-1.313466362368837181e+00,2.883208557491874657e+00,2.375094996121220048e-01
-7.834039529071216146e-01,-4.830755972686224253e-01,4.266774550905666485e-01
1.076304073011328466e+00,-8.251384494382590917e-02,-6.920151944333807759e-01
8.701210104255291400e-01,-9.142376652608261711e-01,6.680012891578467338e-01
6.305649596726891071e-01,7.607063543235086378e-01,-1.159384606975867982e+00
1.044506689094334639e+00,-1.846610968312750178e-01,-9.030720808313768000e-01
2.081145910957280964e+00,4.044528561442450321e-01,-4.595670899261222186e-01
-6.247313093891403435e-01,9.047832661976387136e-01,-6.490737977720808516e-01
9.494045371064159522e-02,1.027754203067982708e+00,-1.008920418270808028e+00
-1.217864322204972316e+00,-3.874458703135669202e-01,3.301195161648091680e-01
1.130616711910041872e-01,4.906221983790498564e-01,-8.690367318947727071e-01
-1.050809658421353099e+00,9.856953375933978911e-01,4.486973774160360473e-01
-1.478419053298302366e+00,1.860858893177741169e-01,6.808515229896829890e-01
-3.553592417216652199e-01,-8.247619664036015541e-01,1.187916397291452208e-01
-1.272948388076852844e+00,1.875852546883245431e+00,7.881629532918927872e-01
3.920201501831625523e-01,-8.775448668435252841e-01,1.031104124612298029e-01
-5.178202318713556185e-01,2.487025088773380244e+00,-1.105366584258522300e+00
6.011502841390908847e-01,-4.986390919280566103e-01,-5.296564043257870891e-01
3.976121724910381960e+00,2.312950501877196530e+00,1.763876134522742722e+00
-1.129673607683386427e+00,6.966243697893745312e-02,-4.522858004386876574e-01
5.552114327857450293e-01,-1.326783726779147132e-01,-7.692343017303476804e-01
-2.048919673076425862e-01,5.930969051182153340e-01,-4.961406428103064536e-01
1.968328467233062262e-01,-1.477563146644901515e+00,1.826520820445178828e-01
-6.287722844339895811e-01,1.230596023765033076e+00,-5.021670089179659513e-01
-2.771559439696660743e+00,-5.529786341126837756e-01,1.039711359115600420e+00
1.224919565470518501e+00,-1.654826644168046812e+00,6.462579820783067586e-01
1.230774451813788195e+00,-1.370129692790838183e+00,4.666988377411425692e-01
1.742306065910818880e-01,-2.552380052164053836e-01,-2.748215077797640515e-01
2.809385752939376757e-01,-2.606208964294280395e-01,-1.272119326474353829e-01
-1.941641350746940997e+00,-5.989163200433167411e-02,1.359958466749188466e-01
-5.303519385096842065e-01,-2.414932313132320263e-01,-2.350961275050821864e-01
2.603947410784679839e+00,1.051613978973875874e+00,4.464392776535407448e-01
-1.078567938330101894e+00,-2.032549148592156740e+00,1.957483397879015985e-01
5.093222988437358101e-01,-1.765903499299384727e+00,-1.156870523229014402e-01
-1.760319623638148423e+00,1.052063235431167226e-01,2.384609619628457605e-02
-1.333487326680744545e+00,-1.166740939446085125e-02,-2.539180354808534545e-01
7.450490666418704278e-01,-1.488036127936725128e+00,8.897228354653174964e-01
1.122414650675180869e+00,-1.363107809803057180e-01,7.324019318828293157e-01
-1.971679297337376457e+00,8.382810931031032808e-01,3.901412373192411631e-01
2.541070394541150801e+00,1.306318564287304973e+00,2.351155952613807054e-01
-2.846037347486258806e+00,-4.737568649235514573e-01,1.150737004499291505e+00
-3.868004284456137976e-01,-8.236757088971222718e-01,-3.983131915267922318e-01
-4.183962290978252563e-01,-1.165500632579401508e+00,2.084465770945200525e-01
-2.164281153937451574e+00,2.852915304609689340e+00,9.646964309436572016e-01
-1.783387586808540259e+00,2.174878901262495834e+00,8.313025218253743132e-02
-1.080293359044167234e+00,3.654397940040644333e+00,3.076148891626716980e-02
9.336493928462473724e-01,-1.069589222281119412e+00,7.292623401206898004e-01
6.440595715487176243e-01,5.152936822929592431e-01,-7.847081265516923088e-01
-8.748783975682985492e-01,3.088063147548897991e+00,-9.275962905994684649e-01
2.887387231920115038e+00,1.018337018697898610e+00,6.499594031288703500e-01
-1.416882401464862884e+00,-1.811665398146639072e+00,3.894232732451914925e-01
1.290901192104894291e+00,-1.274640944608730706e-03,-1.859265083762501325e-01
2.883391898857653235e+00,1.045359530085229194e+00,4.186467969036299364e-01
-1.141486830070513603e-01,8.269583641445432676e-01,-6.792874816576014441e-01
2.274689200651616172e-01,3.170191679991447159e-02,-2.228855364865502398e-01
-2.233057661491754775e+00,1.889031480633869275e+00,2.825059031313192359e-01
2.395329173772419384e+00,6.293788217318085909e-01,4.458589585539351474e-01
2.281988709460049058e+00,1.318397425597282561e-02,-2.631399073666307320e-01
-6.784738731236936715e-01,3.697592120045104513e-01,-3.369719632845638579e-01
-2.189812928488347188e-01,1.335247419500258381e+00,-8.085795343469637242e-01
-2.434721000656141776e-01,-1.243806941780458253e+00,1.478831382902479896e-01
-1.711549285989609093e+00,4.983857136597173443e-01,1.776438597913529704e-01
4.674177680038187899e-01,-7.864583372759713642e-01,-9.001107695535356390e-01
-2.813587825260338793e+00,1.874336350283352381e-01,1.044568451813377541e+00
6.473584719904099671e-01,-1.685308301202121495e+00,3.396925968916590932e-01
-1.054023821514711745e+00,7.899319788568234246e-01,-3.111527590574155733e-01
-7.656036223572904031e-01,-1.129149818460944088e+00,-2.944642482354027924e-01
-1.163649211817591844e+00,8.876583426497628437e-01,-2.388268865203937164e-01
-5.828369144086598119e-01,-2.673216140203033553e-01,-7.750729534956877220e-01
-3.944621510895588434e-01,-8.973307721695059636e-01,-3.536713835350576707e-01
-6.365716466415429764e-01,-1.920889990942217240e-01,-4.778837485595258117e-01
7.238102220952298271e-01,-9.424442529515933975e-01,1.183574062086045764e-01
-2.560246592176105285e+00,-3.839248388140711898e-01,8.876335861323227938e-01
-1.469863013167714838e+00,-1.729849161857934137e+00,4.173221937435070972e-01
1.905581748676526077e+00,9.441629566085692205e-02,-7.375745596463426090e-02
-1.887471715899257330e+00,7.711930536902866784e-01,4.014596243964948519e-01
-1.266527029281513173e+00,-1.741830198733612112e-01,6.260974200511101317e-01
9.074128268207870551e-02,-1.164355371275171303e+00,-8.899877186659383987e-01
-4.203316774850921478e-01,-6.639355511217147343e-02,-7.280334716914697024e-01
-2.209779998252016320e+00,1.306819142336790973e+00,5.932562697900404247e-01
1.998705839337592938e+00,1.461576818342685269e-01,-3.126947328715942165e-01
6.160953332996325083e-01,7.325047957729089454e-01,-1.165925125347701430e+00
-5.004569116392636463e-01,2.028257078426938254e+00,-4.672876003719622084e-01
1.094947468911197097e+00,-4.210116648297015374e-01,-7.241336446859885090e-01
-2.823470619525025871e+00,-4.489829808650359078e-01,1.002066688736065636e+00
-1.700578523423900368e+00,-9.080210518445815948e-01,-1.476283916313260274e-02
-2.877459286648515469e-01,6.184602128991344427e-01,-8.264166189491046755e-01
3.527500336884385468e-01,-6.149170617962328445e-01,-5.435134869973831107e-01
-2.295117908530399209e+00,3.251130605366925330e+00,1.162601069778647300e+00
2.160550002714695772e+00,7.128265756195628633e-01,6.281951842802138697e-02
-1.363623070622304922e+00,-5.460226553441361458e-02,-1.223381736029974659e-01
1.030622077379713009e+00,-8.040467603437647659e-01,-4.878412209236364649e-01
-1.117937740870394547e+00,3.911314448689529488e+00,1.548118727313251841e-01
-1.064328620531817204e+00,2.961035487233860120e-01,-2.599342092393479575e-01
5.323795647451257107e-02,-6.193017438790716644e-01,-7.281385035052974075e-01
1.165557003825787863e+00,4.203003558719084487e-01,-1.171627806113639814e+00
6.548437551276978796e-01,5.177611913409898570e-01,-1.114794703893224881e+00
-6.213887542351036464e-01,2.173564511843854574e-01,-8.508715350233917452e-01
-1.494597369783194352e-01,-5.655267836656527880e-01,3.152546776798731236e-03
1.575102449741342836e+00,-2.569441586062820027e-01,2.031421189861682963e-01
-1.387452287709343812e+00,-7.667515987103658281e-02,-4.589824554154939840e-01
1.864348102843326416e+00,-6.214631746434502446e-01,-3.971481418526185969e-01
2.820864491461882562e+00,1.322459208843785650e+00,-1.904682779098174072e-02
-2.092490920788345199e-01,-5.990983935186459108e-01,-2.741084729946286491e-01
-2.724030947581010054e+00,-5.941331440524366680e-01,9.470563817950725660e-01
2.020948416565725214e+00,6.986155959558761896e-01,-6.124176467885094483e-02
1.973455084611073773e-01,1.295086846550405957e+00,-1.191360769371811568e+00
7.060767285906818236e-01,2.048319768571085220e-01,-1.114052530313102585e+00
-9.585835752871614268e-01,2.608599637351622480e+00,-1.178428437719649113e-01
1.335615325684093996e-02,-6.249754638645836913e-01,-1.424405071816532142e-01
2.836997018984259267e+00,8.586932242162936824e-01,3.549971640210908275e-01
2.046848966794261315e+00,1.862818464882663450e-01,-1.365084682450574127e-01
6.014549308526279808e-02,-6.177881050439084643e-01,-8.597318454778245522e-01
-2.559461251645484658e+00,4.539992378777287646e-02,7.972034354836625702e-01
1.765609096921626042e+00,-3.164381510588559765e-01,1.195811891910500080e+00
-7.429474658799471720e-02,7.812897983175612904e-01,-8.073659296353165038e-01
-3.889355592950241580e-01,-2.248205334478745043e-01,-1.704499493546294264e-01
7.761423111627194782e-01,-1.133567338571362937e+00,9.323188368307776530e-01
2.686923138825190183e-01,1.078186968474483365e+00,-1.032449688165599344e+00
-2.375326255293200628e+00,-2.377435617978446436e-01,6.011136316148112391e-01
1.425174947793672375e+00,6.094987488707459544e-01,1.535280952603568672e+00
-5.004548372710825310e-01,1.151924940294935862e+00,-4.693661792013866241e-01
-1.882911357491643400e-01,-6.830157752361620815e-01,-1.570340987954848833e-01
-2.666763580607289796e+00,4.934033701366469932e-02,9.159058287147370248e-01
2.010851184183816809e+00,1.153260209933753416e-01,-1.624603025807497547e-01
2.479712089411219289e-01,1.192407431097812331e+00,-1.167709034658340972e+00
-1.701005786416203980e-01,4.632168121717757381e-01,-5.379553612682244079e-01
-1.372337429201076153e+00,2.671723721441199295e-01,6.013847281337835610e-02
-1.083499949346526048e+00,-1.399999036639380523e-01,-4.161320015014223772e-01
-4.535692602603057233e-02,5.497488687819909736e-02,-8.826277746579815897e-01
-2.764294760407604912e+00,-2.699516485713909231e-01,8.835293404473834045e-01
3.027141644191203351e+00,1.344512713590628739e+00,7.151082816073466297e-01
-2.200973658343615413e-01,1.421990316594713644e+00,-9.064226727813028406e-01
-3.836519905065722269e-01,-1.425357655047521099e+00,2.119859181492926847e-01
-2.776796355865935872e-01,-9.244779467402161055e-01,-4.759585607944608748e-02
-1.101978180442801269e+00,-9.804948803599123908e-01,1.392553017499888746e-01
-7.106174947542449605e-01,-1.550026502062320233e-01,-1.731712468283116424e-01
-8.912910538468846733e-01,-9.497858584149677652e-01,1.055830582789459293e-01
-4.683105826575705288e-01,-9.687117448270609055e-01,-3.812908570340475811e-01
-5.653707872274006396e-01,-8.655219816038022262e-01,-4.026368843166380218e-01
-1.157409121868213431e+00,5.544450894218935777e-02,2.914928168063072311e-01
1.452325407258301670e-01,-2.835187786436856316e-01,-6.314694261734506986e-01
3.542488042448029284e-01,-6.788562308253847100e-01,8.616179828528704177e-02
3.978803428543312481e+00,2.112046578408941055e+00,1.668478789454629130e+00
-2.008900587473786636e+00,-1.498776125322296045e-02,2.491743533201978000e-01
-1.465393573049069476e+00,2.957540457521101729e-02,-1.892152569370032789e-01
3.157516529530293603e+00,4.445560898049558674e-01,-6.892862771226364316e-02
1.897568283520233656e+00,5.073962973657211162e-01,-1.986244937125462851e-01
-6.360078386782705984e-01,7.950579036072844552e-01,-6.675940241126042674e-01
-2.873580819781362816e-01,-1.538191619841237534e+00,2.697752916437822779e-01
1.384332060435188583e-01,1.838183230315234840e-01,-8.908507752972846250e-01
-6.196824104544214062e-01,2.708195517796897489e-01,-8.311870719176578381e-01
-1.254633644092299605e+00,-1.868581567057241877e+00,3.006372398343951646e-01
-2.418823990328792473e+00,2.867578259496340598e-01,5.889455297387715671e-01
-4.172310394509555764e-01,1.242534940788102782e+00,-4.057572404278616540e-01
3.105934518682756273e+00,5.589019483614892092e-01,-2.167779748559287845e-01
-2.891966487358647253e+00,-4.887974311981597153e-01,1.110223572925209679e+00
3.008162898363952564e+00,1.579604682411438032e+00,1.283922002217977143e+00
1.180868088391519716e-01,-1.364577045436929481e+00,-1.224026901528022654e-01
1.034254354337675735e-01,-1.601541581054629182e+00,1.669553129344706066e-01
1.835608564805425225e+00,5.473306776977827394e-03,1.177873651992671578e+00
2.556720816533237794e-01,-7.848308357778405880e-03,-6.372036613213361012e-01
2.482920174835277771e-01,-5.828871977006898630e-01,-8.705881891663943550e-01
1.424088890514884520e+00,-4.990723673456341769e-02,-2.978867877471328418e-01
1.656876086803205639e-01,-1.714372485687963632e+00,1.081972171056013038e-01
6.110860285335976277e-02,-2.283798398122229401e+00,3.338108027711915171e-01
-2.385120400522648676e-01,-1.062720255851944684e-01,-5.565002337968419921e-01
3.984267465630095817e+00,2.225993784111253149e+00,1.946088747309359768e+00
2.057465557063178796e+00,4.260080755504190297e-01,-4.375996041001601333e-01
2.769156725166120658e+00,4.452758231110386378e-01,3.530091866324177596e-01
2.547696086627989853e+00,-1.343413496292654996e-01,-1.337610351148941501e-01
6.245748376518269751e-01,-8.131306077998422532e-01,2.645065984683693250e-01
3.028010848478288608e-01,-1.605682525927639714e+00,-3.892601326718174957e-03
1.655068733865140973e-01,-1.676426263090678992e+00,-9.149674260143883520e-02
1.109520617823874344e+00,2.328068279291176934e-01,-7.530273807142626730e-01
-1.412524281287565131e+00,3.988027975253826546e-02,-2.962720724111898574e-01
-1.677742840640144451e+00,-1.338446453999492025e+00,3.450772118371991382e-01
-1.135286616198729198e-01,-1.760274025329184866e+00,2.021737694443074274e-01
2.448105589580209962e+00,1.248569814579710835e+00,5.964648562610500582e-01
3.106766427513994455e-01,-1.138034155145334791e+00,4.990831380544474144e-02
8.343009031549223353e-01,-1.831279924791839209e+00,4.467854144103639569e-01
4.128965184076149875e+00,9.621272849098253532e-01,9.214050508764372038e-01
-1.448107197299672577e-01,-4.128076331637441920e-01,-1.459019633755142265e-01
3.985769033043002896e+00,1.752506766701704910e+00,1.132171390962608770e+00
1.121542044506397273e+00,-1.011659338759759441e+00,-5.879566514437979396e-01
1.342784080371879796e+00,-3.764834706117018981e-01,-4.822400399463251386e-01
1.171747384155933602e+00,1.011029233791326020e-03,4.325672158668405487e-01
-1.794610887139850064e+00,8.854656269770018184e-01,3.725675085923156882e-01
8.324989276491335799e-01,-7.671111989192040959e-01,9.936249957300179181e-02
8.569698230095003366e-02,4.178549013837234288e-02,-5.663976150651519603e-01
-9.927599457802764871e-01,3.339049623246618026e+00,1.353898553074950328e-01
4.091809345329308734e+00,1.916810968451031494e+00,1.802820095044912918e+00
2.931247694543301030e+00,8.290254240853889289e-01,3.205686394624381874e-01
2.163375606981765120e+00,6.851905320481512796e-01,6.898609559628086918e-02
1.368429867295602453e-01,-1.277146327163668271e+00,2.198854171833276305e-01
-2.907368946210622807e-01,-1.813423869135889488e+00,2.757059780240397329e-01
-1.725177817611988629e-01,-2.068285861197745934e+00,-6.411181838627252882e-02
-5.499113909978707859e-01,-7.690258544808274976e-01,-6.180924616611273015e-01
2.495701396719602894e+00,-7.397865844748601795e-03,-9.721109044286459222e-02
-3.409768573667133762e-02,-2.076416427719252944e+00,2.354533118989524387e-01
1.575997176666596777e+00,-4.126244065357755758e-02,4.397944258789907579e-01
-4.148563359833339903e-01,1.758229069873814415e-02,-4.426262422055406431e-01
5.631220089503822246e-01,-1.429279104971176606e+00,5.188145738102873938e-01
-1.783387586808540259e+00,2.174878901262495834e+00,8.313025218253743132e-02
-1.471621673675997277e+00,-1.027918151463344865e+00,2.540521633577808025e-01
1.182442294700746910e+00,-3.692777200362669099e-01,3.613939994446636605e-01
2.714459854183166154e+00,3.625748917793841786e-01,5.755711859407408593e-01
-4.590638455104537607e-01,1.931979802833226276e-02,-4.063472828142365434e-01
-1.689042210888110906e+00,-7.554060936890802935e-01,-2.301971148604959605e-01
-2.887293637404826363e+00,-5.314341352536160468e-01,1.138897103269095545e+00
1.847482452724801716e+00,-8.386178990932485755e-02,-1.300201551639847131e-01
-2.511336559021813297e+00,-7.153946387334284562e-01,9.094806804933271982e-01
-1.316508954149653299e+00,-2.523465313209010130e-01,-4.079497120080137762e-01
1.557110477038334384e+00,-4.237544134878843405e-01,1.856939556965664651e-01
-1.778098435504723573e+00,-1.161366075603441184e+00,3.911667405684499110e-01
5.637576283856234882e-01,-1.994136806447981192e+00,-5.160209287332929995e-02
-1.237671025532305569e+00,1.291395261759185065e+00,7.340825714174344929e-01
-3.647727470197767441e-01,-1.039652684292791396e-01,-2.027269187407108597e-01
1.493666571928761400e+00,9.275035958580213347e-01,1.183915978447883433e+00
2.682657803623865744e-01,-1.743554272437658703e+00,-1.335815698698874232e-01
-1.614483656353456142e+00,-1.715827764648754306e+00,3.577769133883012542e-01
7.894059046334482854e-01,-1.250017318947164835e+00,7.247527353613218981e-01
2.612018263360172732e+00,9.377503715967615561e-01,3.883303352230733085e-01
-1.004535176298980481e+00,1.504075675620718755e+00,6.308800228003585975e-02
6.008404612267872480e-01,4.644927191050040594e-01,-1.177734932535438483e+00
-2.130837496301055900e+00,2.409406975535389073e+00,9.674188279327993190e-01
7.838287950667848225e-01,-1.169046636974194975e+00,7.351336458425093978e-01
-2.260055792088990323e+00,2.222832757547725802e+00,1.032004041811042772e+00
2.521672138117229789e+00,1.423166840551767232e+00,7.307434032844757343e-01
9.362397604196311951e-01,-4.289493925556015497e-01,6.181023450600036107e-01
-2.130225539429370762e+00,1.124973322151182620e+00,3.080413578520496687e-01
-1.732520018077665203e+00,-1.104218731014192434e+00,4.117680526368754368e-01
4.364922693312484753e-02,-1.989099176987652262e+00,2.345963496219899413e-01
1.437012726187807177e+00,-4.362455310670120268e-01,-5.167665939014137733e-01
9.556397402876183333e-01,9.461362561984115347e-04,-8.010480182256138892e-01
-1.599211046458929752e+00,9.224196044697023922e-01,9.349000909766327916e-02
-1.231937993293110933e+00,1.958798604299714530e+00,5.056085899699354069e-01
-1.696825895577805277e+00,3.273146940068308308e-01,1.637655560297315294e-01
4.509345331502782606e-01,-1.321625213622037442e-01,-6.912774521415436801e-01
-1.529975298716217624e+00,-1.367396308402208049e+00,3.182761994849142018e-01
1.208032277542620436e+00,-1.038593873429505265e+00,1.505415730582173595e-01
-2.797749812702512995e-01,-1.627011264819236080e+00,2.305218440425814974e-01
1.590549408129231235e-01,-1.926522479291475243e+00,3.246073498135600977e-01
4.572288420081830340e-01,3.498958951488737729e-02,-8.071859400599797896e-01
4.551580945449372750e-01,4.657998718606816690e-01,-1.045937767219353720e+00
3.571874513703295340e-01,-3.374700835620517703e-01,-8.498662558935035083e-01
-1.507663950838276090e+00,5.317641922070073246e-01,-4.351429096383248041e-01
-2.719274828095139096e+00,1.741915121399486011e-01,9.607720092592753058e-01
-1.099525978575115914e+00,-3.272924945973783029e-01,3.134640281725075694e-01
1.130978882045387213e+00,-9.253947750075570966e-02,-6.424951701273833304e-01
6.088305942388346770e-01,-6.094138650007101532e-01,5.194198432982227720e-01
3.975491593084695463e+00,1.127408257777496425e+00,8.628405186680959682e-01
1.441235558951045936e+00,-2.571405799950599036e-02,1.526930671538023754e+00
7.887663457334096462e-01,-2.563254471214618802e-01,-1.277342488165261081e+00
1.965553040491140324e+00,3.416201855004968868e-01,-1.408779068391454448e-01
-9.825606882029044309e-01,7.788700700292184864e-01,-7.849459115080429372e-01
-4.076371967736991397e-01,2.509735319095336981e-01,-7.506032311636512411e-01
1.641409329194928879e-01,8.438071500444640494e-01,-1.022550570752174703e+00
3.849517995997113751e+00,2.337769188484966065e+00,1.648570533304184238e+00
-3.510676573799839661e-02,8.076571886523851163e-01,-5.641783685826222694e-01
-7.477196928168082790e-01,2.753153706647259558e+00,-9.684514675050220900e-01
4.812448905827654833e-01,-1.809436908508726294e+00,-1.285394985524012657e-01
-1.545925827754178306e+00,2.425095859660181485e+00,8.109063122640822741e-01
-6.435053182359512514e-01,1.576593207878513425e+00,-2.439497521865789109e-01
9.736305544754834118e-01,2.827009111416375342e-01,-9.944468011021060372e-01
1.189136960759978434e+00,5.144142724154199958e-02,-1.109339392928309964e+00
1.878575287008416250e+00,1.466214842184486167e-01,-2.660225493244137707e-01
5.802455930477816715e-01,-1.599361561147152999e+00,4.357182938132875272e-01
-7.305406050831346754e-01,2.741872052853711939e+00,-1.118758658242397841e+00
-1.079249328512573269e+00,3.921963689108862727e-01,4.868199607735249623e-01
4.806314280890264246e-01,5.960986635774918538e-03,3.295421815654723252e-01
-3.231282490121614032e-02,1.328767813927173469e+00,-5.971779618606929407e-01
-1.906840494496530924e+00,9.053305988983182395e-01,3.679051793825928729e-01
-1.539249812155117469e+00,2.015890116123281395e+00,5.960809504400763625e-01
2.477853907625983343e+00,3.990910383971038589e-01,2.088039741222435519e-01
3.247219441724889410e+00,1.983735884657251480e+00,1.302666142177560049e+00
-2.864265798634722526e-01,-2.067101587193086176e-01,-2.140829661830674080e-01
7.842136492311697626e-01,-8.624808242506523115e-01,1.170737274213004442e+00
1.536847949247465706e-01,4.901676576714015243e-01,-9.172987706968236399e-01
2.042643938883699217e-01,-4.731272441312459054e-01,-5.703075224144116273e-01
1.087482741106548190e+00,-1.035079503542219337e+00,8.816833057189760181e-02
-2.040721270278466282e+00,2.337738227142013500e-02,2.068357082077208475e-01
-9.668536288052833605e-01,-1.245197222148908933e+00,-2.059024864389036591e-01
-7.038264415186499257e-01,-1.128488417184408288e+00,-2.817243128005918473e-01
5.849070060086675876e-02,-7.828717901832628057e-01,9.490332526140227154e-02
1.280538936233385661e+00,4.592072626968248250e-01,1.046186587731510881e-01
5.568294728492614309e-01,-1.479582949078845244e+00,4.848522375053821443e-01
1.444026031327158011e+00,-4.782341354063419231e-02,1.280486191654419237e+00
-5.144916624421717044e-01,-1.083159147741417638e-01,-8.490943119240823567e-01
1.997021729302551396e+00,1.305934100127327524e-01,-2.647585091139736946e-01
-2.402636678608140119e+00,-6.162120174124015304e-02,5.704160171750303210e-01
-6.021993523442562557e-01,2.020353966531158174e-01,-7.892837722668926137e-01
-1.069276617906516957e+00,-1.410938156921389894e-02,-4.809659418622199145e-01
1.775351170671565670e+00,-1.639070265426353923e-01,-3.305442329895111331e-01
1.782231213946366077e+00,-2.939194730134223055e-01,2.868520009529577641e-01
1.796833726616998472e+00,1.367845055785666952e-01,-2.750076418165959269e-01
1.561980387775776080e+00,-5.188768916397762387e-01,-5.749190839685601739e-01
2.568797170679606001e+00,1.745933967589613500e-01,-2.082630266178884804e-01
1.870838323758657218e+00,4.029212243807360205e-01,9.828985436879512649e-01
9.494287457383900897e-01,6.022852750052961612e-01,4.202933847020571823e-01
-3.614235316863535497e-01,2.555022406752763819e-01,-2.516119411947698725e-01
2.900652712119944354e+00,1.446426272627567400e+00,-4.664867559321409646e-02
2.961451743361522393e+00,1.012759293730984389e+00,5.162412600558233811e-01
1.123899295336481252e-01,-1.306515067740689817e+00,1.918141369316602729e-01
9.771980270702631532e-01,-1.204354046650688848e-01,-8.193353208838736190e-01
2.849574895597461133e+00,4.392774155010904513e-01,6.725718363107915376e-01
-1.164158185425418157e+00,1.064529789395303738e-01,1.680738825226931465e-01
2.216691991355442815e-01,-5.847914320444065339e-01,-5.111350534287752989e-01
-2.641385351631237555e+00,1.981276349406303761e-02,8.664623431763689432e-01
7.557964664351294326e-01,-1.528802730991795089e+00,1.107279252752866761e+00
-8.816169819861712220e-01,2.480229058092802585e+00,-1.268909459558484054e-01
-2.505705237626417503e+00,5.648463962659647786e-01,6.696674184055352308e-01
1.171747384155933602e+00,1.011029233791326020e-03,4.325672158668405487e-01
8.159902387525993506e-01,-8.675735674440242240e-02,2.679976445255971007e-01
-1.622968166879504848e+00,-1.255296386837739586e+00,-2.331139913697230850e-02
-1.038979959711165746e+00,-1.018796273946599995e-01,4.620916868076558881e-01
1.036345723982476263e+00,-5.583650376177707458e-02,-5.813941876876415060e-01
-1.944998810440849546e+00,9.631055035940619957e-01,4.253002301579199562e-01
-2.021647162878680570e-01,7.512010719836211825e-01,-8.297132840625961459e-01
-1.027361769909318046e+00,2.442943749319407942e+00,-8.076077627453836366e-03
-5.351046071579711461e-01,-2.752276425023684192e-01,-7.305781770146551057e-01
1.385322120575365856e+00,-1.372115336959026967e-02,-3.674714099471452777e-01
-2.697510999526253617e+00,-6.503983213348739634e-01,1.026997972395897296e+00
2.086802924841405726e+00,6.781847253759967220e-01,4.159612368660438042e-01
-7.235737674929955121e-01,1.748066078652783073e+00,-2.226557063309937690e-01
-2.233057661491754775e+00,1.889031480633869275e+00,2.825059031313192359e-01
-1.104889927733063937e+00,1.740177762968060371e+00,1.035668082771665083e-01
1.347247780066604506e+00,-8.869094840521628553e-01,7.849719196207288752e-01
-1.291199478560335123e+00,1.837740197531093411e+00,6.390498636272562427e-01
2.341931599833205979e+00,-6.981503557188004083e-02,-3.373023276593318798e-01
3.561215203721966316e-01,-2.206642893409704320e-01,-8.385107926702253245e-01
-1.546419315698198460e+00,1.942971624578928358e+00,8.772949810981064411e-01
1.298529416695631378e+00,-8.258603228008459807e-01,-5.847311804307325778e-01
-1.440982989424608451e-01,-1.168547798929491677e+00,-1.093795487732811406e-01
4.495791344260726546e-02,-1.555236697218269626e+00,2.209007769365138873e-01
-2.604432803679349373e+00,-9.208532159334877065e-02,9.057044504838018817e-01
1.873935521553014238e+00,-6.123806482227239778e-01,1.235798376950890454e+00
-2.842586848763802188e+00,7.370513638906305010e-02,9.231438384013127552e-01
-2.543905084761255875e+00,-1.263342225513764405e-01,7.960933748103384833e-01
2.757579719315538469e+00,1.266736159048638788e+00,6.013403785171520660e-02
1.058506350071062307e+00,-1.550240942704688596e+00,5.508239459326519372e-01
1.202987149794455313e+00,-1.272161501005561801e+00,5.528595406852228056e-01
-5.399692525789554498e-01,1.411820803833062854e+00,-4.375878835261581834e-01
1.915022571928873610e-02,-1.461049245242046268e+00,1.037344893791503353e-01
8.866208391533354494e-01,-1.636306610861191446e+00,6.751372218430785610e-01
1.223688021307794971e+00,-2.872058946381243483e-01,6.191657456783270508e-01
-1.566713812130363648e-01,-1.736446780538684287e+00,4.218361762891962852e-01
2.659664504670304463e+00,8.347910423040101335e-01,3.584545747369584645e-01
-2.545246313425727713e+00,-3.227845047605402279e-02,8.132974408136813826e-01
-5.637690373189606641e-01,1.992297758280297426e+00,-4.210735046408676796e-01
-8.781128207644101069e-01,3.137164681572453429e+00,-8.746543856062485300e-01
1.014101609746546950e+00,-2.795209221998073978e-01,-1.294762681072034072e+00
-8.511896784952212025e-01,1.217660381007263926e+00,-1.737386712236080877e-01
2.258097569487398093e-01,-1.130995411058036249e+00,-2.175208258875297174e-01
-1.290223067605877016e+00,-3.479172331217327829e-01,5.401228815773435610e-01
-1.345212021345242981e+00,2.093130554975148327e-01,-9.951166755861613755e-03
-1.252546422087791544e+00,3.305661264197241600e+00,1.231007274320704697e-01
1.957342237025189169e+00,-1.877353883194955164e-01,-2.519290905388079649e-01
1.944143710166430283e+00,4.842726933722969473e-01,-1.460689975430122522e-01
2.852370822959065411e+00,6.831151790678866575e-01,7.944697194057738221e-01
-2.849242706948718062e+00,1.486605870329228141e-01,1.061251412107000025e+00
1.868304303027906732e+00,-8.507268832091355870e-01,1.000712541385543108e+00
1.065739323249289133e-01,4.923278427331002211e-02,-6.629700840378950355e-01
2.651313548901477635e+00,7.475147960183288198e-01,4.699629115667167123e-01
-2.609564906398705864e-01,6.050161757434767695e-01,-8.124337628787896559e-01
-9.095691212039519469e-01,1.346789932006055901e+00,7.308806532041513260e-02
-9.330054585030531644e-01,-1.494111379900308290e+00,-7.097003459128876923e-02
3.408877861242353702e-01,-1.793255351951660082e+00,3.155724738630110160e-01
-1.518453205761875813e+00,4.922695038746144891e-01,6.857334336717677004e-02
-1.351395394533545513e+00,-9.669850898287526975e-02,5.522167837968458004e-01
-1.711266745160377356e+00,-1.601484410005919456e-01,7.985706563881597719e-02
2.054791124984312489e+00,1.017635485948644170e-01,-3.023664233268367196e-01
-9.980589799674800533e-01,-1.064538381398484335e+00,1.230202875169483651e-01
-7.992555498399632752e-01,3.273775267685470614e-02,-3.268974234081694075e-01
7.009766560024617565e-02,-4.237597927093773587e-01,-6.143290888385837256e-01
9.595068138729571094e-01,-1.259902379444518772e+00,1.375663316418540838e-01
1.838813633622543131e+00,2.686996900905649355e-01,-2.471576679333765403e-01
-1.850096889400593969e-01,-1.223649281192309868e+00,-1.455684906449801197e-01
-1.368709899382545947e+00,3.451000220972257004e+00,2.785458120503475077e-01
-7.087213625923006743e-01,1.754620294143722559e+00,-1.695856970195689928e-01
2.648363882220116761e+00,1.417614292263685627e+00,-8.031391322757870654e-02
1.986047323530430564e+00,4.478790577824426355e-01,-1.143552323745761906e-01
3.070675059609439650e+00,7.272895093210236528e-01,-1.682764080338797208e-01
-1.232149478343337101e+00,-4.148424684026642828e-02,3.504025222327236122e-01
-2.030582526668616716e-01,-1.406520135287915085e+00,8.513724831851107733e-02
1.071955930631787623e+00,4.486322119504095873e-01,-6.815067770533075331e-01
1.177188744101845597e+00,2.862489723699560007e-01,-1.113146344181501712e+00
-1.020541377384739601e+00,6.330592755040255204e-01,-3.526855260860820573e-01
-3.431805445809370525e-01,-1.472583516023184380e+00,2.246807066322013824e-01
8.757897322052082822e-01,-1.028307035636165656e+00,7.575165274752948541e-01
1.027201776972610281e+00,-1.038901268951855750e+00,2.071147329160493988e-01
-2.771133559612334540e+00,-3.897518007031186005e-01,1.090604997947455024e+00
3.188048553330926072e-01,-1.856822485597040107e+00,-3.271928147773587540e-03
-2.634306892013610568e+00,2.237487342393621681e+00,7.699394673464645678e-01
-9.072127233673116242e-01,2.650553445196391689e+00,1.885653129536753875e-02
1.742306065910818880e-01,-2.552380052164053836e-01,-2.748215077797640515e-01
-2.309028869025647746e-01,-2.911409785775204706e-01,-5.208128368514011175e-01
1.430120985885710017e+00,1.768232747130487337e-01,1.467344007390230631e+00
6.727505125335813130e-01,-1.057174847014241470e+00,5.833065003568367324e-01
-1.057570364707001387e+00,1.123322214893183402e+00,-6.724932397171056765e-03
-1.358392180331280841e+00,-1.429441833690653585e+00,1.691383759186054769e-01
2.809467477330565011e-01,-2.606276669353249642e-01,-1.272169192780971125e-01
1.121447547081336094e+00,-6.022429198624644764e-01,-5.330957021158354570e-01
-1.407508729326540253e+00,3.079730936555086895e+00,2.359528851577943065e-01
-5.402830141917706053e-01,6.926198326366118652e-01,-6.987194345071603419e-01
-1.211652923370248880e+00,3.224159320802345574e-01,2.384472490752596319e-01
2.149792686296043698e+00,6.673335547558282288e-01,4.407814864723254983e-02
-4.091511375125806982e-01,4.199283638133610164e-01,-5.310239507250181790e-01
-9.246386438501134064e-01,-1.187472706071877465e-01,3.633332449843545420e-01
-1.101509859431859306e+00,-1.466144360565923288e-01,3.556487671373833592e-01
-1.264300179183745765e-02,-5.885913089929627473e-01,-8.882863008279643369e-01
1.920693251288339232e+00,2.297918135710768917e-01,-3.369055107259986276e-02
-8.246655731466114858e-01,1.025011685864100075e+00,-1.872171653522706480e-01
-1.173641925659998919e-01,-4.675995153315520292e-01,-1.907907210572409029e-01
-1.416523878978192652e+00,2.298496452632673576e-02,-1.747551791466258886e-01
7.613933254633067360e-01,4.885465489063666733e-01,-6.776698385755299814e-01
4.922806623374369472e-01,-5.244906498509929182e-01,-1.001768234212913722e+00
-4.304494848156845688e-01,3.460935258496656841e-01,-5.359538568293547023e-01
-1.387222818080863673e+00,3.598591102184871549e+00,3.080479455371258890e-01
3.251031593195932157e-01,-1.518819289742950440e+00,-4.126070131843057043e-02
9.713087480942289575e-01,4.887310537317568482e-01,-7.193204344574969378e-01
1.446108193873108183e+00,5.789654229927320567e-02,-1.826931802386417558e-01
-2.634307873814339285e+00,2.237484680242172175e+00,7.699416211888944206e-01
5.701955130260993876e-02,-1.980383182908670436e+00,3.021797940043263186e-01
-2.543327426657704393e-01,1.152849754035545571e+00,-8.792766051690689144e-01
-1.851535887297305782e+00,-1.134896639296593790e+00,4.867019509889624063e-01
9.264429423057859436e-01,-6.634125980065858075e-01,6.289366782129852673e-01
-1.601709261182653776e+00,6.814387288162206957e-01,1.683224564786266475e-01
-1.180156074569201019e+00,-1.380741303222890570e+00,-2.636187667087075068e-02
3.028240869786343326e-01,1.415238564456234416e+00,-1.138708477115595308e+00
2.631153951282735548e+00,1.582725205853963368e+00,-2.678161080432088503e-02
-1.061068910794440434e+00,1.427933634529764406e+00,6.695547737773546726e-02
2.020963543892747794e+00,1.229310468413914170e-01,-5.327147689797483432e-01
-6.899836344862021464e-01,-1.949499486721658181e+00,3.023578456838670742e-02
-1.554795568950356532e+00,1.341892044217566360e-01,-1.329227994754082209e-01
-5.255485847345711115e-01,-7.868961801749138063e-01,-7.426541117935335778e-01
-9.743973776851696522e-01,5.723223232286708262e-01,4.292933212032964962e-01
-2.848266788145298323e-01,1.118491107342520739e-02,-2.355083540562476485e-01
-8.091049746220012606e-01,6.744937236396231217e-01,-1.432309318936292875e-01
1.241453152607835175e+00,8.665869594644690088e-02,-1.249108401298138604e+00
-9.193315031151370054e-01,2.521841466494519235e+00,-1.056137827621265735e-01
1.956329075064852319e+00,-2.036744142182187519e-03,-2.916998915418568261e-01
-1.398480455860567906e+00,2.064052499675350205e+00,6.169310610330136502e-01
-5.284758270761347188e-01,-4.713897636887097176e-01,-7.839856847450140664e-01
1.059248664568664289e+00,-7.912390661675510195e-01,-6.874444188560785429e-01
-3.231537302621527719e-01,-3.308763356818666956e-02,-7.872842034469352823e-01
-2.609625944604441194e+00,-1.518421172040721467e-01,8.621320982697732171e-01
4.549214992221516374e-01,-8.309729064871593796e-01,6.141675014282893530e-01
-1.022618444409885766e-02,-9.908264045026318190e-01,1.018832637687807352e-01
-1.220759880990467394e+00,1.062678475418301405e+00,5.914025440802102018e-01
-1.917118887295224283e+00,7.771401592590473362e-01,4.182426390393550464e-01
1.506498259370686821e+00,-2.116716032059150487e-01,2.615123817478425261e-01
-1.434092509383755876e-01,-1.353171581866196016e+00,9.715004662734889884e-02
-5.664032787899765387e-01,1.007639351707646513e+00,-4.790497879008783766e-01
4.607292071684570001e-01,-1.355030902083061317e+00,5.221466349540402341e-01
-9.532311913396092073e-01,5.698154464247960904e-01,-3.063489111634980500e-01
-1.986247849433244450e-01,-2.135996441275642699e+00,-2.957779543125066760e-02
-2.632283949279272228e+00,-6.239381641149842617e-01,9.741051981331679821e-01
2.827105464757704301e+00,4.614439884380232004e-01,4.075220683913121089e-01
-1.590278584761059877e+00,-1.172999293464338511e+00,3.572315304597766805e-01
2.409819264205874223e+00,1.058884457199955387e+00,6.920556199976607425e-01
-1.092065223191178713e+00,1.407766630245044670e+00,1.266329611863667159e-01
2.613487480394677043e+00,1.119935319146316610e+00,6.666769115126964795e-01
9.157166999289765297e-01,2.118371718604052101e-01,-6.646578843749799681e-01
1.874995039942210839e+00,-4.885365736608026643e-01,1.225143588792868776e+00
-1.088887894484182883e+00,-3.673770310112686732e-01,-3.962748840983059129e-01
1.013452760081420267e+00,-1.708797467467042808e-01,5.886178203532416164e-01
-2.634306892013610568e+00,2.237487342393621681e+00,7.699394673464645678e-01
1.550129921206584993e-01,-1.096656936403166138e-01,-5.989066620746795744e-01
-1.528420714340219089e+00,2.374952524724701863e+00,7.138744451760942189e-01
-1.982682295504583497e-02,6.884572043145601450e-01,-8.259821620326566194e-01
1.888269947314334729e+00,-4.209052300547830860e-01,-3.123312738165319735e-01
1.427616389834797106e+00,1.459334520790734890e-01,1.524348521314662808e+00
-1.851941422342536780e-01,7.971673055783875528e-01,-8.661597192708766491e-01
2.666852366192673962e+00,3.951681110661684482e-01,3.534278219120500775e-01
6.874660574294748361e-02,-1.047716231744846072e+00,5.457260239478652769e-02
-2.165088495340859731e-01,-6.786808704432373274e-01,-1.936203392184310257e-01
9.522086931797771880e-01,-9.938940159434849209e-01,1.953106576122281071e-02
-1.311559147706802486e+00,-1.790247763648650681e+00,3.371365326015329789e-01
-1.067011672632690367e+00,-1.353995748781645414e+00,-5.578237767870555808e-02
-9.138677774561795863e-02,-7.794601024249142585e-01,7.520521753589834435e-02
-2.519112137886788894e+00,-9.022911305419732686e-02,7.739187257119979346e-01
8.860059700896277812e-01,1.047992866417963992e-01,-9.585893945790822102e-01
9.183149715299001592e-01,-6.785743456055497516e-03,-6.745368990016231692e-01
-1.332312964249430021e+00,1.168511524542114710e+00,5.774589449585767476e-01
-1.656808156712127778e+00,-1.621716753205594552e-01,-1.041311943991060120e-02
2.760653693112463003e+00,9.193143110084157632e-01,3.438885904116667502e-01
3.311312706671480366e-01,-9.037824280140454025e-01,2.629561792734894793e-02
2.089101624521267464e+00,-7.872477454283696718e-02,-3.153729331314594209e-01
1.201668468543483970e+00,-4.198547607046690389e-01,-5.586614116355823612e-01
-1.139763851631737879e+00,-3.016961534197343808e-01,-3.622714524325347796e-01
1.426957643889783245e-01,2.933840839711830961e-01,-8.051734410621623761e-01
3.159974998789407241e+00,1.419473098515735332e+00,1.099206418305740840e+00
-8.540922811562754458e-01,-1.047698069917004232e-01,-3.605463732097938939e-02
2.006417410290799452e+00,2.257654784532222014e-01,-1.158870480014993903e-01
-1.323145927276899503e+00,1.554552097304964686e+00,4.469605785086844252e-01
-1.705311106942671406e+00,7.890144022000995516e-01,1.255899157765102969e-01
-7.328484699952437786e-01,-1.000239742420268474e+00,-3.158614266901492718e-01
1.818463054240291310e+00,5.688598458892604182e-01,-2.754576234309426552e-01
-4.586437961716333112e-01,1.741969527602006185e+00,-5.299261484953383672e-01
-1.718555263207824924e+00,6.044533991265282902e-01,1.446349999131970876e-01
-1.042755546284960255e+00,1.108032808187421558e+00,5.895216347783132083e-01
3.875216804872886556e+00,1.591588764535408096e+00,9.968877269151514842e-01
-5.667467079070642733e-01,-2.422232219885246618e+00,1.158633726072350878e-01
1.924400308137248494e-01,-1.044705358220819669e+00,3.609263517032393342e-02
-1.744279642986462209e+00,-7.271928756903617286e-01,-2.191091588204414076e-01
-6.053883197624733148e-01,-9.778791514799545226e-01,-3.910897125408023256e-01
-5.276402296209009579e-01,6.664361412139843122e-01,-5.271529104893546425e-01
-1.563465000680344774e+00,1.663968671580755565e-01,5.579036793266434202e-01
-5.263652422814012466e-01,1.950262809738983583e+00,-4.196507882999421235e-01
7.708112515064496906e-02,4.130673032895791907e-01,-9.140699047587612647e-01
8.040677195795055132e-01,-4.329899707046520607e-01,-1.201047478476096275e+00
1.241768529326587434e+00,-2.242222428421068448e-01,-5.516363771898854518e-01
2.532088390982500936e+00,1.161925539441755140e+00,2.494379981475243757e-01
-1.624291668222992424e+00,-8.349705793375420404e-01,-9.750606677140648271e-02
-2.384514199348085062e-01,-8.792289083539785999e-01,-6.964399246371251184e-01
1.253618275344929645e+00,-5.082048058091951370e-01,-5.724460472621655249e-01
3.035838086478953590e-01,-1.966964327711817839e+00,-6.838509487434948908e-02
-1.656578926078305480e+00,-7.637506659860190394e-01,-2.455669266602591438e-01
-1.331142538959380506e+00,-1.611676985807179774e+00,2.782492493061694550e-01
-2.342644052143762146e+00,-1.389338568590562095e-01,5.415545988195870075e-01
-8.394780251155154957e-03,-8.900081510286188269e-02,-9.070838868920536591e-01
2.588561546938353608e+00,1.719967351775438580e+00,-1.632566403784761061e-02
-1.125142638665279415e+00,6.969787933162926441e-01,-2.092740091610862108e-01
-1.290208810151393659e-01,-1.724545051449174915e+00,2.390317266798570872e-01
-8.225072227900048771e-01,2.380247231423205712e+00,-5.058381074366252034e-02
9.003999472230648227e-01,-1.154754563413811663e+00,2.461416822160795645e-02
-1.629929249510982725e+00,-7.571655215110599801e-01,-2.719015654271871862e-01
8.159902387525993506e-01,-8.675735674440242240e-02,2.679976445255971007e-01
-2.336828141360792976e+00,2.275992107135624831e-01,5.478156211160591926e-01
-5.926860756336291836e-01,-7.919823912815241451e-01,-6.136075265913930599e-01
-1.507661987236817991e+00,5.317695165099062260e-01,-4.351472173231833440e-01
1.310577172943339752e+00,1.158467294113582902e-01,-4.148285010291221653e-01
2.422489571303423350e+00,-1.401712443300680566e-01,-3.035673164872658703e-01
-9.264446215395408246e-02,-1.745214517644050778e+00,-1.048348140939642376e-01
-1.984660985282685530e+00,-6.559039598840532559e-02,2.079838038954974766e-01
1.975730223475131997e-02,-2.036528774197851277e+00,2.634266052880362419e-01
5.778717574587413086e-01,-1.011760096960108379e+00,8.335476615440307047e-01
-2.210293520012756863e-01,-5.386558887712721289e-01,-7.408102268449680006e-01
-2.453087470257879210e-01,1.490360187998875929e-01,-5.676675021516481845e-01
-1.147559956910913392e+00,-1.390525107918207270e+00,-1.214395417060249172e-01
5.975860425283866517e-01,-6.534929921429244448e-01,-9.282361877794345073e-01
-5.960909259962680062e-01,-7.646017405386414945e-01,-3.006771856117634867e-01
3.260205168029841616e+00,2.062895423966187192e+00,1.374580913643754343e+00
-9.692371707788125512e-01,-1.917039229139483880e-01,-4.949128181713751684e-01
8.508549792292059433e-01,-6.228198825015668350e-01,6.252575346411038959e-01
5.994532132701573257e-01,-5.616270461811263548e-01,-5.134149977740829623e-02
-5.089170428300316962e-01,1.318418026784793140e+00,-4.045959005892022509e-01
8.292345490843501254e-01,-1.426545500346626749e+00,8.904616250039156800e-01
9.708691891632221793e-01,2.069602993026382898e-02,-1.225532355442603860e+00
4.945069296604670539e-01,-1.763694014117868081e+00,3.821838047129160199e-01
-1.380741227084873790e+00,2.246634749276043674e+00,6.570576613639595998e-01
-1.746370021923614235e+00,-7.090660357962101923e-01,-1.363597434111096240e-01
2.936081479912754366e-01,-1.586924349209224649e+00,2.082041516682746618e-01
-2.224469209033506978e+00,1.262488162024636873e+00,6.100869947685642058e-01
1.220911861323825010e+00,-2.689176035795364794e-01,-5.074611702418602155e-01
-1.796349459084825240e+00,9.617555517683378241e-01,3.580105191561501754e-01
5.978270371697830265e-01,2.622192077778733310e-01,-9.856249905858012195e-01
-8.869185295116293055e-01,-1.666063841443361782e-01,-3.535269483722587314e-01
-1.194004436154242343e+00,-3.380000294400855032e-01,-2.599302729077481722e-01
7.449122608282521263e-01,-4.979455010862616771e-01,-8.119148374010638075e-03
9.755470167225500644e-01,-1.275425833673299536e+00,6.393350460471213248e-01
8.534238935865031683e-01,-7.759878766878945955e-01,6.935407121574440614e-01
1.399376092180122821e+00,-3.332007255958423508e-01,3.575449709918830932e-01
7.021332753790414660e-01,4.900946607060738258e-01,-7.347414623491094199e-01
2.476340406571849173e-01,-7.944704982119368264e-01,-8.360294070443717862e-01
3.356696545194612913e+00,1.803968399185587934e+00,1.232699276295312396e+00
-1.017969184562440788e+00,-1.418859605325152984e+00,-4.292437907540425784e-02
1.764236470896064946e+00,1.016082960161078935e-01,-1.111098189756487276e-01
6.098642816589702198e-01,-1.722834427175347516e+00,3.979504114185592467e-01
-6.602313128552256272e-01,7.839311080449282709e-01,-6.458810635468400507e-01
5.481723479369146057e-01,-7.617440770851423570e-01,-1.534812650510237152e-02
-1.072690943873201297e+00,-1.370200039079062515e-01,-4.510861875742548377e-01
2.120369731595013185e+00,-1.155673642239574000e-01,-4.580238325161418711e-01
8.073787172902857634e-01,-5.146263698818358545e-01,-1.262863391865628904e+00
-8.488256804934039002e-01,3.076516001861114180e+00,-8.901373628783898484e-01
-1.346480383736301079e+00,1.892549659123907713e-01,5.167578388826740143e-01
9.864829628813193141e-01,2.117214933670128474e-01,-8.408858422742927496e-01
-1.261975750245405870e+00,-4.869391988920266923e-01,-4.967714009156172228e-01
-6.122587943839870039e-01,5.582784360778612065e-01,-6.491884003178129969e-01
-2.821577804423975433e+00,-1.319215852877864137e-01,8.894063457217492585e-01
9.512849901403898079e-01,-1.059480912078252457e+00,7.964328984874922135e-01
-1.291211524970574454e+00,-4.042476068907489561e-01,-4.299763638345627248e-01
3.681175814931971768e-01,-2.077558919437155538e+00,-3.264450000837175458e-02
7.409851271052768640e-01,5.419498826682309645e-01,-1.144768241465681680e+00
2.452182620250575040e-01,1.151522350207604628e+00,-1.062170714378883218e+00
1.491174046801627240e+00,1.128566909413503544e-01,-2.796082126908274179e-01
4.067512607638763100e+00,1.093908233714251166e+00,1.117110148204241149e+00
-1.597031267004575650e+00,-7.904935022835375413e-01,-1.446240799280498479e-01
-1.670551913687226886e+00,6.988223140856689719e-01,1.251517172693202562e-01
-1.096065271364295546e+00,-9.268088920442527634e-01,-1.066852522786401331e-01
5.543261069839977573e-01,-6.020508087546171394e-01,-2.774688296333837068e-01
-1.432854464704449438e+00,-1.452211916458032992e-01,-9.891347446637267782e-02
-2.753382275669888912e+00,2.116155327009802967e-01,9.741697397013177051e-01
-1.504371626470564216e+00,-1.150115671935426631e+00,-1.568517894499454057e-01
-1.678158206052145496e-01,-8.503330007560111481e-01,-8.187299459391799150e-01
-1.716035684553860907e+00,-5.201321347117189298e-01,-1.934679618323326966e-01
1.400054230074434081e+00,-8.941908897358239461e-01,7.123221950544931236e-01
2.161146304982878852e-01,-6.889075227705274695e-01,7.820641139170141087e-02
-2.122702066502435425e+00,6.771446927844100572e-02,3.034197280799213470e-01
2.100316110725526375e+00,2.685213116168409520e-01,7.254302099013740235e-02
1.145470602203177285e-01,4.896373660309180087e-01,-8.799897427738435640e-01
2.567400144341151158e+00,7.964736834344273708e-01,4.105261099932744906e-01
-2.266408638516743679e+00,2.589171516120355676e+00,1.156120454360027194e+00
2.862025832661577507e+00,-7.172266011228983773e-02,3.762149507228625643e-03
-2.851140530901061787e-01,9.839931236192818453e-02,-8.310499201980120487e-01
8.398537883992502895e-01,-4.193953456587192208e-01,4.294766658125199754e-01
